{
	"cmdFunction" : 848,
	"cmdSource" : "socket",
	"cmdTime" : 0,
	"mapId" : 1709877929284,
	"mapName" : "MAP_19floor_release1.4.3_0308_1709877917",
	"msgId" : 173723914,
	"taskData" : 
	{
		"stations" : 
		[
			{
				"extra" : "20240319173723775",
				"isWork" : 0,
				"mapId" : 1709877929284,
				"mapName" : "MAP_19floor_release1.4.3_0308_1709877917",
				"stationId" : 1709878555652,
				"stationName" : "19floor_nav_\u7eff\u5316\u5e26",
				"stationType" : 0,
				"x" : 9.5545799999999996,
				"y" : -6.0518299999999998,
				"yaw" : 1.6799200000000001
			},
			{
				"extra" : "20240319173723775",
				"isWork" : 0,
				"mapId" : 1709870483105,
				"mapName" : "MAP_release1.4.3_0308_1709870471",
				"stationId" : 1710742157948,
				"stationName" : "nav1",
				"stationType" : 0,
				"x" : -3.1431800000000001,
				"y" : -10.28083,
				"yaw" : -1.5351600000000001
			}
		]
	},
	"taskId" : 173723909,
	"taskName" : "\u4e00\u952e\u5de1\u6e38",
	"taskType" : 1
}
