{
	"cmdFunction" : 848,
	"cmdSource" : "socket",
	"cmdTime" : 0,
	"mapId" : 1709879272326,
	"mapName" : "MAP_1floor_release1.4.3_0308_1709879260",
	"msgId" : 155624153,
	"taskData" : 
	{
		"stations" : 
		[
			{
				"extra" : "31849",
				"isWork" : 0,
				"mapId" : 1709879272326,
				"mapName" : "MAP_1floor_release1.4.3_0308_1709879260",
				"stationId" : 1709890191942,
				"stationName" : "1floor_nav_\u6c99\u53d1",
				"stationType" : 0,
				"x" : -26.523330000000001,
				"y" : 11.053900000000001,
				"yaw" : -0.10525
			}
		]
	},
	"taskId" : 155624149,
	"taskName" : "1floor_nav_\u6c99\u53d1->1floor_nav_\u6c99\u53d1\u7ad9\u70b9\u4efb\u52a1",
	"taskType" : 1
}
