{
	"cmdFunction" : 816,
	"cmdSource" : "socket",
	"cmdTime" : 0,
	"mapId" : 1721115427108,
	"mapName" : "MAP_18floor_1721115607",
	"msgId" : 152143947,
	"taskData" : 
	{
		"stations" : 
		[
			{
				"extra" : "31638",
				"isWork" : 0,
				"mapId" : 1721115427108,
				"mapName" : "MAP_18floor_1721115607",
				"stationId" : 1721116087215,
				"stationName" : "18floor_\u4f1a\u8bae\u5ba4\u4e00",
				"stationType" : 0,
				"x" : -22.119420000000002,
				"y" : 6.39968,
				"yaw" : -2.9440400000000002
			}
		]
	},
	"taskId" : 151747840,
	"taskName" : "18floor_\u4f1a\u8bae\u5ba4\u4e00",
	"taskType" : 0
}
