{
	"cmdFunction" : 816,
	"cmdSource" : "socket",
	"cmdTime" : 0,
	"mapId" : 1721115427108,
	"mapName" : "MAP_18floor_1721115607",
	"msgId" : 153507062,
	"taskData" : 
	{
		"stations" : 
		[
			{
				"extra" : "31639",
				"isWork" : 0,
				"mapId" : 1721115427108,
				"mapName" : "MAP_18floor_1721115607",
				"stationId" : 1721115892086,
				"stationName" : "18floor_\u6253\u5370\u673a\u65c1\u8fb9",
				"stationType" : 0,
				"x" : -8.9859200000000001,
				"y" : 24.01417,
				"yaw" : -2.96739
			}
		]
	},
	"taskId" : 153110870,
	"taskName" : "18floor_\u6253\u5370\u673a\u65c1\u8fb9",
	"taskType" : 0
}
