{
	"cmdFunction" : 816,
	"cmdSource" : "socket",
	"cmdTime" : 0,
	"mapId" : 1721115427108,
	"mapName" : "MAP_18floor_1721115607",
	"msgId" : 171703108,
	"taskData" : 
	{
		"stations" : 
		[
			{
				"extra" : "",
				"isWork" : 0,
				"mapId" : 1721115427108,
				"mapName" : "MAP_18floor_1721115607",
				"stationId" : 1721115612533,
				"stationName" : "18floor_\u6d88\u9632\u95e8\u95e8\u53e3",
				"stationType" : 0,
				"x" : -6.8556100000000004,
				"y" : 5.5254000000000003,
				"yaw" : -3.0245899999999999
			}
		]
	},
	"taskId" : 17142680,
	"taskName" : "18floor_\u6d88\u9632\u95e8\u95e8\u53e3",
	"taskType" : 0
}
