{
	"cmdFunction" : 816,
	"cmdSource" : "socket",
	"cmdTime" : 0,
	"mapId" : 1721115427108,
	"mapName" : "MAP_18floor_1721115607",
	"msgId" : 172015495,
	"taskData" : 
	{
		"stations" : 
		[
			{
				"extra" : "",
				"isWork" : 0,
				"mapId" : 1721115427108,
				"mapName" : "MAP_18floor_1721115607",
				"stationId" : 1721115952149,
				"stationName" : "18floor_\u91c7\u8d2d\u4e0e\u4f9b\u5e94\u94fe\u90e8\u95e8",
				"stationType" : 0,
				"x" : -23.453620000000001,
				"y" : 21.36937,
				"yaw" : -2.9853900000000002
			}
		]
	},
	"taskId" : 17171563,
	"taskName" : "18floor_\u91c7\u8d2d\u4e0e\u4f9b\u5e94\u94fe\u90e8\u95e8",
	"taskType" : 0
}
