{
	"cmdFunction" : 816,
	"cmdSource" : "socket",
	"cmdTime" : 0,
	"mapId" : 1721115427108,
	"mapName" : "MAP_18floor_1721115607",
	"msgId" : 213548266,
	"taskData" : 
	{
		"stations" : 
		[
			{
				"extra" : "",
				"isWork" : 0,
				"mapId" : 1721115427108,
				"mapName" : "MAP_18floor_1721115607",
				"stationId" : 1721115816061,
				"stationName" : "18floor_elevator_outside",
				"stationType" : 2,
				"x" : -8.54176,
				"y" : 2.3520799999999999,
				"yaw" : -1.34744
			}
		]
	},
	"taskId" : 213158846,
	"taskName" : "18floor_elevator_outside",
	"taskType" : 0
}
