{
	"cmdFunction" : 816,
	"cmdSource" : "socket",
	"cmdTime" : 0,
	"mapId" : 1721115427108,
	"mapName" : "MAP_18floor_1721115607",
	"msgId" : 213718627,
	"taskData" : 
	{
		"stations" : 
		[
			{
				"extra" : "",
				"isWork" : 0,
				"mapId" : 1721115427108,
				"mapName" : "MAP_18floor_1721115607",
				"stationId" : 1721121372183,
				"stationName" : "18floor_UED\u5904",
				"stationType" : 0,
				"x" : -6.9732799999999999,
				"y" : 8.1462299999999992,
				"yaw" : -2.9750899999999998
			}
		]
	},
	"taskId" : 213329206,
	"taskName" : "18floor_UED\u5904",
	"taskType" : 0
}
