{
	"cmdFunction" : 816,
	"cmdSource" : "socket",
	"cmdTime" : 0,
	"mapId" : 1721115427108,
	"mapName" : "MAP_18floor_1721115607",
	"msgId" : 214509068,
	"taskData" : 
	{
		"stations" : 
		[
			{
				"extra" : "",
				"isWork" : 0,
				"mapId" : 1721115427108,
				"mapName" : "MAP_18floor_1721115607",
				"stationId" : 1722433269239,
				"stationName" : "18floor_UED\u5904",
				"stationType" : 0,
				"x" : -6.1172500000000003,
				"y" : 5.4241799999999998,
				"yaw" : 1.7316
			}
		]
	},
	"taskId" : 214119321,
	"taskName" : "18floor_UED\u5904",
	"taskType" : 0
}
