{
	"cmdFunction" : 816,
	"cmdSource" : "socket",
	"cmdTime" : 0,
	"mapId" : 1721115427108,
	"mapName" : "MAP_18floor_1721115607",
	"msgId" : 214531697,
	"taskData" : 
	{
		"stations" : 
		[
			{
				"extra" : "",
				"isWork" : 0,
				"mapId" : 1721115427108,
				"mapName" : "MAP_18floor_1721115607",
				"stationId" : 1721121508533,
				"stationName" : "18floor_\u91c7\u8d2d\u4e0e\u4f9b\u5e94\u94fe\u90e8\u95e8",
				"stationType" : 0,
				"x" : -22.99258,
				"y" : 21.776330000000002,
				"yaw" : -2.9618899999999999
			}
		]
	},
	"taskId" : 214141952,
	"taskName" : "18floor_\u91c7\u8d2d\u4e0e\u4f9b\u5e94\u94fe\u90e8\u95e8",
	"taskType" : 0
}
