{
	"cmdFunction" : 816,
	"cmdSource" : "socket",
	"cmdTime" : 0,
	"mapId" : 1721110225254,
	"mapName" : "MAP_20floor_1721110405",
	"msgId" : 104801419,
	"taskData" : 
	{
		"stations" : 
		[
			{
				"extra" : "31657",
				"isWork" : 0,
				"mapId" : 1721110225254,
				"mapName" : "MAP_20floor_1721110405",
				"stationId" : 1721110437555,
				"stationName" : "20floor_\u4f1a\u8bae\u5ba43\u95e8\u53e3",
				"stationType" : 0,
				"x" : -12.03603,
				"y" : -0.18425,
				"yaw" : 0.043839999999999997
			}
		]
	},
	"taskId" : 104351975,
	"taskName" : "20floor_\u4f1a\u8bae\u5ba43\u95e8\u53e3",
	"taskType" : 0
}
