{
	"cmdFunction" : 816,
	"cmdSource" : "socket",
	"cmdTime" : 0,
	"mapId" : 1721110225254,
	"mapName" : "MAP_20floor_1721110405",
	"msgId" : 140729361,
	"taskData" : 
	{
		"stations" : 
		[
			{
				"extra" : "20240729140722474",
				"isWork" : 0,
				"mapId" : 1721110225254,
				"mapName" : "MAP_20floor_1721110405",
				"stationId" : 1721110514533,
				"stationName" : "20floor_\u996e\u6c34\u673a\u65c1\u8fb9",
				"stationType" : 0,
				"x" : -14.58573,
				"y" : 15.728479999999999,
				"yaw" : 0.11162
			}
		]
	},
	"taskId" : 14344397,
	"taskName" : "20floor_\u996e\u6c34\u673a\u65c1\u8fb9",
	"taskType" : 0
}
