{
	"cmdFunction" : 816,
	"cmdSource" : "socket",
	"cmdTime" : 0,
	"mapId" : 1721116860661,
	"mapName" : "MAP_17floor_1721117041",
	"msgId" : 104558863,
	"taskData" : 
	{
		"stations" : 
		[
			{
				"extra" : "31759",
				"isWork" : 0,
				"mapId" : 1721116860661,
				"mapName" : "MAP_17floor_1721117041",
				"stationId" : 1721117122866,
				"stationName" : "17floor_\u4f1a\u8bae\u5ba4\u56db",
				"stationType" : 0,
				"x" : -5.98027,
				"y" : 3.8972600000000002,
				"yaw" : 0.01549
			}
		]
	},
	"taskId" : 104120937,
	"taskName" : "17floor_\u4f1a\u8bae\u5ba4\u56db",
	"taskType" : 0
}
