{
	"cmdFunction" : 816,
	"cmdSource" : "socket",
	"cmdTime" : 0,
	"mapId" : 1721116860661,
	"mapName" : "MAP_17floor_1721117041",
	"msgId" : 163517399,
	"taskData" : 
	{
		"stations" : 
		[
			{
				"extra" : "31723",
				"isWork" : 0,
				"mapId" : 1721116860661,
				"mapName" : "MAP_17floor_1721117041",
				"stationId" : 1721117249208,
				"stationName" : "17floor_\u6253\u5370\u673a\u65c1\u8fb9",
				"stationType" : 0,
				"x" : -1.3098000000000001,
				"y" : -15.682930000000001,
				"yaw" : -2.9965099999999998
			}
		]
	},
	"taskId" : 163059889,
	"taskName" : "17floor_\u6253\u5370\u673a\u65c1\u8fb9",
	"taskType" : 0
}
