{
	"cmdFunction" : 816,
	"cmdSource" : "socket",
	"cmdTime" : 0,
	"mapId" : 1721116860661,
	"mapName" : "MAP_17floor_1721117041",
	"msgId" : 211653289,
	"taskData" : 
	{
		"stations" : 
		[
			{
				"extra" : "",
				"isWork" : 0,
				"mapId" : 1721116860661,
				"mapName" : "MAP_17floor_1721117041",
				"stationId" : 1722412560604,
				"stationName" : "17floor_\u7535\u8bdd\u95f4",
				"stationType" : 0,
				"x" : 5.0811000000000002,
				"y" : -15.6379,
				"yaw" : -3.0705800000000001
			}
		]
	},
	"taskId" : 21133923,
	"taskName" : "17floor_\u7535\u8bdd\u95f4",
	"taskType" : 0
}
