{
	"cmdFunction" : 816,
	"cmdSource" : "socket",
	"cmdTime" : 0,
	"mapId" : 1721116860661,
	"mapName" : "MAP_17floor_1721117041",
	"msgId" : 211750763,
	"taskData" : 
	{
		"stations" : 
		[
			{
				"extra" : "",
				"isWork" : 0,
				"mapId" : 1721116860661,
				"mapName" : "MAP_17floor_1721117041",
				"stationId" : 1721116988070,
				"stationName" : "17floor_elevator_outside",
				"stationType" : 2,
				"x" : 0.092219999999999996,
				"y" : 0.17199,
				"yaw" : 0.050540000000000002
			}
		]
	},
	"taskId" : 21141412,
	"taskName" : "17floor_elevator_outside",
	"taskType" : 0
}
