{
	"cmdFunction" : 816,
	"cmdSource" : "ctrl_for_recharge",
	"cmdTime" : 1710140319524,
	"mapId" : 1709870483105,
	"mapName" : null,
	"msgId" : 100001,
	"taskData" : 
	{
		"stations" : 
		[
			{
				"deviceId" : "100133040000002",
				"extra" : "",
				"isWork" : 0,
				"stationId" : 1710140272158,
				"stationName" : "\u5145\u75352",
				"stationType" : 0,
				"x" : -0.98261079259626694,
				"y" : -1.1632710617324096,
				"yaw" : 0.13380999863147736
			}
		]
	},
	"taskId" : 14584025,
	"taskName" : "\u5145\u75352",
	"taskType" : 0
}
