{
	"cmdFunction" : 816,
	"cmdSource" : "ctrl_for_recharge",
	"cmdTime" : 1709969215958,
	"mapId" : 1709870483105,
	"mapName" : null,
	"msgId" : 100001,
	"taskData" : 
	{
		"stations" : 
		[
			{
				"deviceId" : "100133040000001",
				"extra" : "",
				"isWork" : 0,
				"stationId" : 1709969195468,
				"stationName" : "\u5145\u75351",
				"stationType" : 0,
				"x" : -0.85869580705118498,
				"y" : 1.4232080096650215,
				"yaw" : 0.061069998890161514
			}
		]
	},
	"taskId" : 152656460,
	"taskName" : "\u5145\u75351",
	"taskType" : 0
}
