{
	"cmdFunction" : 816,
	"cmdSource" : "ctrl_for_recharge",
	"cmdTime" : 1709891053775,
	"mapId" : 1709870483105,
	"mapName" : null,
	"msgId" : 100001,
	"taskData" : 
	{
		"stations" : 
		[
			{
				"deviceId" : "100133040000003",
				"extra" : "",
				"isWork" : 0,
				"stationId" : 1709877047164,
				"stationName" : "21floor_charge_min",
				"stationType" : 0,
				"x" : -0.99927986993909612,
				"y" : 0.00050999996136983998,
				"yaw" : -0.00050999998347833753
			}
		]
	},
	"taskId" : 174414277,
	"taskName" : "21floor_charge_min",
	"taskType" : 0
}
