{
	"cmdFunction" : 848,
	"cmdSource" : "socket",
	"cmdTime" : 0,
	"mapId" : 1709870483105,
	"mapName" : "MAP_release1.4.3_0308_1709870471",
	"msgId" : 100745184,
	"taskData" : 
	{
		"stations" : 
		[
			{
				"extra" : "31811",
				"isWork" : 0,
				"mapId" : 1709870483105,
				"mapName" : "MAP_release1.4.3_0308_1709870471",
				"stationId" : 1709896510345,
				"stationName" : "21floor_nav_door",
				"stationType" : 0,
				"x" : 1.75919,
				"y" : 3.4363999999999999,
				"yaw" : 1.5371600000000001
			}
		]
	},
	"taskId" : 10745129,
	"taskName" : "21floor_nav_T2->21floor_nav_door\u7ad9\u70b9\u4efb\u52a1",
	"taskType" : 1
}
