{
	"cmdFunction" : 848,
	"cmdSource" : "socket",
	"cmdTime" : 0,
	"mapId" : 1709870483105,
	"mapName" : "MAP_release1.4.3_0308_1709870471",
	"msgId" : 143221137,
	"taskData" : 
	{
		"stations" : 
		[
			{
				"extra" : "31836",
				"isWork" : 0,
				"mapId" : 1709870483105,
				"mapName" : "MAP_release1.4.3_0308_1709870471",
				"stationId" : 1710742259496,
				"stationName" : "nav3",
				"stationType" : 0,
				"x" : 20.87322,
				"y" : -12.508929999999999,
				"yaw" : 0.037130000000000003
			}
		]
	},
	"taskId" : 143221123,
	"taskName" : "nav1->nav3\u7ad9\u70b9\u4efb\u52a1",
	"taskType" : 1
}
