{
	"cmdFunction" : 848,
	"cmdSource" : "socket",
	"cmdTime" : 0,
	"mapId" : 1709870483105,
	"mapName" : "MAP_release1.4.3_0308_1709870471",
	"msgId" : 143341955,
	"taskData" : 
	{
		"stations" : 
		[
			{
				"extra" : "31837",
				"isWork" : 0,
				"mapId" : 1709870483105,
				"mapName" : "MAP_release1.4.3_0308_1709870471",
				"stationId" : 1710742289884,
				"stationName" : "nav5",
				"stationType" : 0,
				"x" : 16.37961,
				"y" : -4.4205300000000003,
				"yaw" : 3.1326000000000001
			}
		]
	},
	"taskId" : 143341936,
	"taskName" : "nav3->nav5\u7ad9\u70b9\u4efb\u52a1",
	"taskType" : 1
}
