{
	"cmdFunction" : 848,
	"cmdSource" : "socket",
	"cmdTime" : 0,
	"mapId" : 1709870483105,
	"mapName" : "MAP_release1.4.3_0308_1709870471",
	"msgId" : 152336621,
	"taskData" : 
	{
		"stations" : 
		[
			{
				"extra" : "31848",
				"isWork" : 0,
				"mapId" : 1709870483105,
				"mapName" : "MAP_release1.4.3_0308_1709870471",
				"stationId" : 1710742388738,
				"stationName" : "nav7",
				"stationType" : 0,
				"x" : 5.70228,
				"y" : -4.3334999999999999,
				"yaw" : -0.046089999999999999
			}
		]
	},
	"taskId" : 152336311,
	"taskName" : "nav6->nav7\u7ad9\u70b9\u4efb\u52a1",
	"taskType" : 1
}
