{
	"cmdFunction" : 848,
	"cmdSource" : "socket",
	"cmdTime" : 0,
	"mapId" : 1709870483105,
	"mapName" : "MAP_release1.4.3_0308_1709870471",
	"msgId" : 161410105,
	"taskData" : 
	{
		"stations" : 
		[
			{
				"extra" : "20240319161409960",
				"isWork" : 0,
				"mapId" : 1709870483105,
				"mapName" : "MAP_release1.4.3_0308_1709870471",
				"stationId" : 1710742192144,
				"stationName" : "nav2",
				"stationType" : 0,
				"x" : 8.0750499999999992,
				"y" : -8.1812799999999992,
				"yaw" : -0.046280000000000002
			},
			{
				"extra" : "20240319161409960",
				"isWork" : 0,
				"mapId" : 1709870483105,
				"mapName" : "MAP_release1.4.3_0308_1709870471",
				"stationId" : 1710742259496,
				"stationName" : "nav3",
				"stationType" : 0,
				"x" : 20.87322,
				"y" : -12.508929999999999,
				"yaw" : 0.037130000000000003
			},
			{
				"extra" : "20240319161409960",
				"isWork" : 0,
				"mapId" : 1709879272326,
				"mapName" : "MAP_1floor_release1.4.3_0308_1709879260",
				"stationId" : 1709890237119,
				"stationName" : "1floor_nav_\u5c55\u53f0",
				"stationType" : 0,
				"x" : -14.49193,
				"y" : 9.0259300000000007,
				"yaw" : -3.0848900000000001
			}
		]
	},
	"taskId" : 16149988,
	"taskName" : "\u4e00\u952e\u5de1\u6e38",
	"taskType" : 1
}
