{
	"cmdFunction" : 848,
	"cmdSource" : "socket",
	"cmdTime" : 0,
	"mapId" : 1709870483105,
	"mapName" : "MAP_release1.4.3_0308_1709870471",
	"msgId" : 165041800,
	"taskData" : 
	{
		"stations" : 
		[
			{
				"extra" : "20240311165041606",
				"isWork" : 0,
				"mapId" : 1709870483105,
				"mapName" : "MAP_release1.4.3_0308_1709870471",
				"stationId" : 1709877136761,
				"stationName" : "21floor_nav_T2",
				"stationType" : 0,
				"x" : -8.9264200000000002,
				"y" : -6.0853700000000002,
				"yaw" : 0.027019999999999999
			},
			{
				"extra" : "20240311165041606",
				"isWork" : 0,
				"mapId" : 1709870483105,
				"mapName" : "MAP_release1.4.3_0308_1709870471",
				"stationId" : 1709896510345,
				"stationName" : "21floor_nav_door",
				"stationType" : 0,
				"x" : 1.75919,
				"y" : 3.4363999999999999,
				"yaw" : 1.5371600000000001
			},
			{
				"extra" : "20240311165041606",
				"isWork" : 0,
				"mapId" : 1709877929284,
				"mapName" : "MAP_19floor_release1.4.3_0308_1709877917",
				"stationId" : 1709878555652,
				"stationName" : "19floor_nav_\u7eff\u5316\u5e26",
				"stationType" : 0,
				"x" : 9.5545799999999996,
				"y" : -6.0518299999999998,
				"yaw" : 1.6799200000000001
			},
			{
				"extra" : "20240311165041606",
				"isWork" : 0,
				"mapId" : 1709879272326,
				"mapName" : "MAP_1floor_release1.4.3_0308_1709879260",
				"stationId" : 1709890237119,
				"stationName" : "1floor_nav_\u5c55\u53f0",
				"stationType" : 0,
				"x" : -14.49193,
				"y" : 9.0259300000000007,
				"yaw" : -3.0848900000000001
			}
		]
	},
	"taskId" : 165041838,
	"taskName" : "\u4e00\u952e\u5de1\u6e38",
	"taskType" : 1
}
