{
	"cmdFunction" : 848,
	"cmdSource" : "socket",
	"cmdTime" : 0,
	"mapId" : 1709870483105,
	"mapName" : "MAP_release1.4.3_0308_1709870471",
	"msgId" : 172222157,
	"taskData" : 
	{
		"stations" : 
		[
			{
				"extra" : "20240318172222014",
				"isWork" : 0,
				"mapId" : 1709870483105,
				"mapName" : "MAP_release1.4.3_0308_1709870471",
				"stationId" : 1710742259496,
				"stationName" : "nav3",
				"stationType" : 0,
				"x" : 20.87322,
				"y" : -12.508929999999999,
				"yaw" : 0.037130000000000003
			}
		]
	},
	"taskId" : 1722224,
	"taskName" : "\u51fa\u53d1-nav3",
	"taskType" : 1
}
