{
	"cmdFunction" : 848,
	"cmdSource" : "socket",
	"cmdTime" : 0,
	"mapId" : 1709870483105,
	"mapName" : "MAP_release1.4.3_0308_1709870471",
	"msgId" : 94947801,
	"taskData" : 
	{
		"stations" : 
		[
			{
				"extra" : "\u8fd4\u56de\u7b49\u5f85\u70b9:1709948987793",
				"isWork" : 0,
				"mapId" : 1709870483105,
				"mapName" : "MAP_release1.4.3_0308_1709870471",
				"stationId" : 1709877087519,
				"stationName" : "21floor_wai_enterDoor",
				"stationType" : 6,
				"x" : -1.91994,
				"y" : 4.10677,
				"yaw" : -1.55047
			}
		]
	},
	"taskId" : 9500691,
	"taskName" : "\u8fd4\u56de\u7b49\u5f85\u70b9:1709948987793",
	"taskType" : 1
}
