{
	"cmdFunction" : 816,
	"cmdSource" : "socket",
	"cmdTime" : 0,
	"mapId" : 1721902419607,
	"mapName" : "MAP_19floor_1721902305",
	"msgId" : 135604964,
	"taskData" : 
	{
		"stations" : 
		[
			{
				"extra" : "31718",
				"isWork" : 0,
				"mapId" : 1721902419607,
				"mapName" : "MAP_19floor_1721902305",
				"stationId" : 1721984083100,
				"stationName" : "19floor_\u6253\u5361\u673a\u5904",
				"stationType" : 0,
				"x" : -0.68608999999999998,
				"y" : 2.15699,
				"yaw" : 0.066839999999999997
			}
		]
	},
	"taskId" : 135147694,
	"taskName" : "19floor_\u6253\u5361\u673a\u5904",
	"taskType" : 0
}
