{
	"cmdFunction" : 816,
	"cmdSource" : "socket",
	"cmdTime" : 0,
	"mapId" : 1721902419607,
	"mapName" : "MAP_19floor_1721902305",
	"msgId" : 144236892,
	"taskData" : 
	{
		"stations" : 
		[
			{
				"extra" : "31625",
				"isWork" : 0,
				"mapId" : 1721902419607,
				"mapName" : "MAP_19floor_1721902305",
				"stationId" : 1721902875716,
				"stationName" : "19floor_\u6d3d\u8c08\u5ba4",
				"stationType" : 0,
				"x" : 4.7221399999999996,
				"y" : -17.855080000000001,
				"yaw" : 0.13078999999999999
			}
		]
	},
	"taskId" : 143846140,
	"taskName" : "19floor_\u6d3d\u8c08\u5ba4",
	"taskType" : 0
}
