{
	"cmdFunction" : 816,
	"cmdSource" : "socket",
	"cmdTime" : 0,
	"mapId" : 1721902419607,
	"mapName" : "MAP_19floor_1721902305",
	"msgId" : 150329137,
	"taskData" : 
	{
		"stations" : 
		[
			{
				"extra" : "31752",
				"isWork" : 0,
				"mapId" : 1721902419607,
				"mapName" : "MAP_19floor_1721902305",
				"stationId" : 1721984194262,
				"stationName" : "19floor_\u589e\u503c\u4e1a\u52a1\u5904",
				"stationType" : 0,
				"x" : -14.931089999999999,
				"y" : -14.35749,
				"yaw" : 3.1252800000000001
			}
		]
	},
	"taskId" : 145854232,
	"taskName" : "19floor_\u589e\u503c\u4e1a\u52a1\u5904",
	"taskType" : 0
}
