{
	"cmdFunction" : 816,
	"cmdSource" : "socket",
	"cmdTime" : 0,
	"mapId" : 1721902419607,
	"mapName" : "MAP_19floor_1721902305",
	"msgId" : 163839307,
	"taskData" : 
	{
		"stations" : 
		[
			{
				"extra" : "",
				"isWork" : 0,
				"mapId" : 1721902419607,
				"mapName" : "MAP_19floor_1721902305",
				"stationId" : 1721902527545,
				"stationName" : "19floor_elevator_outside",
				"stationType" : 2,
				"x" : -9.2216100000000001,
				"y" : -11.389620000000001,
				"yaw" : 3.0985
			}
		]
	},
	"taskId" : 163421588,
	"taskName" : "19floor_elevator_outside",
	"taskType" : 0
}
