{
	"cmdFunction" : 816,
	"cmdSource" : "socket",
	"cmdTime" : 0,
	"mapId" : 1721902419607,
	"mapName" : "MAP_19floor_1721902305",
	"msgId" : 160815620,
	"taskData" : 
	{
		"stations" : 
		[
			{
				"extra" : "31698",
				"isWork" : 0,
				"mapId" : 1721902419607,
				"mapName" : "MAP_19floor_1721902305",
				"stationId" : 1721984253358,
				"stationName" : "19floor_\u5427\u53f0",
				"stationType" : 0,
				"x" : 17.000820000000001,
				"y" : -16.051480000000002,
				"yaw" : 1.51423
			}
		]
	},
	"taskId" : 1640876,
	"taskName" : "19floor_\u5427\u53f0",
	"taskType" : 0
}
