{
	"cmdFunction" : 816,
	"cmdSource" : "socket",
	"cmdTime" : 0,
	"mapId" : 1721902419607,
	"mapName" : "MAP_19floor_1721902305",
	"msgId" : 170253085,
	"taskData" : 
	{
		"stations" : 
		[
			{
				"extra" : "",
				"isWork" : 0,
				"mapId" : 1721902419607,
				"mapName" : "MAP_19floor_1721902305",
				"stationId" : 1721984144769,
				"stationName" : "19floor_\u6253\u5370\u673a\u65c1",
				"stationType" : 0,
				"x" : -14.23175,
				"y" : 1.7995399999999999,
				"yaw" : 1.5858000000000001
			}
		]
	},
	"taskId" : 165919694,
	"taskName" : "19floor_\u6253\u5370\u673a\u65c1",
	"taskType" : 0
}
