{
	"cmdFunction" : 816,
	"cmdSource" : "socket",
	"cmdTime" : 0,
	"mapId" : 1721902419607,
	"mapName" : "MAP_19floor_1721902305",
	"msgId" : 201537152,
	"taskData" : 
	{
		"stations" : 
		[
			{
				"extra" : "",
				"isWork" : 0,
				"mapId" : 1721902419607,
				"mapName" : "MAP_19floor_1721902305",
				"stationId" : 1721985649460,
				"stationName" : "19floor_firedoor1",
				"stationType" : 5,
				"x" : -7.7685500000000003,
				"y" : -13.775040000000001,
				"yaw" : 1.61605
			}
		]
	},
	"taskId" : 201050601,
	"taskName" : "19floor_firedoor1",
	"taskType" : 0
}
